kind	value
local_branch	backup/emergency-workspace
local_commit	cde5126e24051f10a8e1e34643e6acc729d1f007
snapshot_files	531
bundle_sha256	e34e634c5001f6d82c85c80d3f194ec95e06ed2f48822655d685795b94cd019f
bundle_bytes	173292364
part-0000	716800	67b0705189b80f0297c5b681a9fb6da03f667b9f7d79128808d9640fb4d7f94b
part-0001	716800	4ae4d8c8de0dbf23d635aae81f87e81528352b6d7a1c961664c2ea444c8fc84e
part-0002	716800	c46694dfc5535bf1f39da6e57335d06b0a52afa46c0a54c4233bf854a327a5da
part-0003	716800	24e2003c7fcf8d133f8181be09df2322046e550faecd11bae710f9e6e69f96c0
part-0004	716800	0c85ed40788e5bc1f3260c0dcc1c9e0bb2df4fd6bd104a92ca5e5e88e54bb380
part-0005	716800	5f5e1ff1487d4c0b764cae62ee5d47d84dd738c07e3448345ace8ee72e4aaf12
part-0006	716800	b2f730e289226b799316814bc6ec03b90ac53a210df0565f78d9e0909ac31ec8
part-0007	716800	4425abe69ddda423519151073103ba6446674e2507b6e41d823aa05110a3fa9c
part-0008	716800	3e5b44e47c99d6128e7d3d8070a31b9231b87e0fb37385ba20381f249ec1154b
part-0009	716800	bb769cbe6ea1e8a384398c416ad7bff52abe07021a5403cc1d6d3eaaa3a40797
part-0010	716800	f941eb413742e2f5f0ca50c56063601b175852ca2f0d3766965027b249f78684
part-0011	716800	f60d8f79f806ff42ce1f157f9bda17a14565263252e3d1c2a054b352d02b9b1f
part-0012	716800	de1f29b10222cbcb4f0584134d29ccc93421c2ed731a13fffb9884262fcb014d
part-0013	716800	1d5bd1e7e6482d356824baf0d47987bf1c99300fcd61538a9df3f82bb6ec055f
part-0014	716800	da7f2aa1a8e611f9744c4209419b0661d75c208e1952016698b6f92d5c805ef4
part-0015	716800	31679473c1cefdb5eb653de4137e0b821ff2df9663ebd04098f782b0cd54a03e
part-0016	716800	3eb4b8cef8ce6071cd15b9338bed7090641c019f7ead7718f1b86dc483725c7d
part-0017	716800	3fb765a7f8fd0b4e8bcfc3bab9727bb05e21475c9ba9a33161785664e0d1c5d9
part-0018	716800	56c35b5eef896a9b23e59255d300a8d5216cf56aa09abfd53890f7cb8fcb15e5
part-0019	716800	3317048fa3a93ecfec3a4cc852e2558b3fd483a103617b5c389693afe1d81dfe
part-0020	716800	5b246bd3cf3bbf9342103b08248f9b57f0fdca8d46680d0d9773bc1231785058
part-0021	716800	22d33b2a679bfad50196f4348620f863bab5582df57e66a12b45d60239e8da66
part-0022	716800	704d4fa1bbc2c0eb6b01ea775d5a65a3891abc31a6a2b9eebcd5d58c9e3f17ed
part-0023	716800	c431b403c8460770cc9b21a118550bc65da104f9ec7910b78e5c7611285491a2
part-0024	716800	0eedffb82ccab68be46bc496ff060d87a35fa900f1fddf9d3614572635a3a261
part-0025	716800	13c6759f4dcd4699273cbe888323b72f1c7ca6c2df8aec6e8b74a40add195963
part-0026	716800	7da9e0aff7add06f24a78814ebc35aecf169ea3a3bb36e829f7836048e5b0da7
part-0027	716800	1149177c97c73cc997e57f9ed859502bd3f7a466d7d9b352b35bc1e77957de9b
part-0028	716800	ee159692c69bb4f5902f3752978956a028c208d14806493b28006f369092463a
part-0029	716800	47a5918526ac9d45ef77bdb49ae4ea672e8f8d9889ed4025e992e48b659cc046
part-0030	716800	cf673972911414e26c20847b736301ce694c7f2f5731a35323fe7e5d18f35fb2
part-0031	716800	c323a5c97ea9f30df9570da6b3bf2df0c258f8e070d06de3c967376b642f10b9
part-0032	716800	95b686469374668150f51e5a48f0dfe6c8eb4ed3ab1b3d3d93450c8d2fb158d8
part-0033	716800	d32135195c8fd5f9fe6585a4af0841b07daa4b19bba6338b2a92bc39d03ac4a5
part-0034	716800	ca8d338a7329916df7224fd3e3b5f00d75dbb7e421f7d76829f241637a028b57
part-0035	716800	72048266d4de3d25e9069e69b6a92014fcd526682ceef1f565ff06bb0f28ef2e
part-0036	716800	8dfe7daa5b40d7b65c7875ed954dbe96b2a7153073c5e2c0344e7a26a91c0e01
part-0037	716800	7104244fadf1c7ce421cdc4915e25d40fad7ccfa2d2738c86078e2a169f047bd
part-0038	716800	8d258d1085593c63cf3293d38aded829170b2f5d05483212ded0495111039005
part-0039	716800	c2aaa4d3ade79c4f359f6826c04b86b95e36710d3c59bc2ff68e48884d617e4c
part-0040	716800	334a03a5c6e7128ca852f199f857add4c973f2d72e21673c60416cea89787e54
part-0041	716800	3a3a889d216a2ffbbd96f9457d91cd8bf57bfc72f28b695bbf6e073de8375ebe
part-0042	716800	894212417cbe49190976198f657367aef8b0dc889975a9b1411d9947dfe7c581
part-0043	716800	c38e5e158a27afe09f8f68b8f2c8a0268ef39ae23a08c81ddcdea11c0174fae3
part-0044	716800	4f77dfe073c299b8d645ff97b3fb83a889ad8c2ce7931bd0a082dce53fec9abf
part-0045	716800	3848e35f39b65380ab547524f84b8170acf67ffd6353cf1f8ad76485cd48c05d
part-0046	716800	e69c07d6c59e3064545f5b2ec197cdb5a01151ead4b4f8efba4d9a1a5816a1d9
part-0047	716800	7a8fb0b29851cef1a4dd9f8ff7a4cfb0a2555071e026553339bf39edb3426515
part-0048	716800	0b41aabbdce38a894a80d98b7efe7b93208eac00623081eb8cb950f97647fdc8
part-0049	716800	cfc059c152c4cc6c28f01393b2702fa8a0c89e920b8605002b0b43a3dd248019
part-0050	716800	32a939e86eeb3370d6a586f4c20a68582b16fd064af24acc02e0a28db6e85825
part-0051	716800	38adda1944c8c5f2589cf81cd48bd9fcd06e9ad2f9c48b8cfbb77523b1a82f69
part-0052	716800	a95b1e12bc3eaf9837c464866a65860fae0e0207d302efbf9d26eed49251b785
part-0053	716800	fe6a8d121516daa2888efb24e8f8c3cf78e23ecde731d54e818e3fca86cc43bf
part-0054	716800	893d999e924d02a0d77fd7084dc78914317c3d46fb19755686ef0b40710cc367
part-0055	716800	c3b30cc0c135260e8354705c720299dd5fe1fc6366775c87fb32fc1eb83e5fe3
part-0056	716800	cec9c85e775f270130084b959e8ff9936175a51ac6be3d878ec79b61616b5b0c
part-0057	716800	aaffd60430e19646d501a958a1455543c8694bc2461785ee6972d71fc4b46ae7
part-0058	716800	3a8847a8d3ca61bcb8f3fd10ad7b6a0ecfc6442415d67bfc89bb5084c85ccbe0
part-0059	716800	7fa6e08e1638bf866c48a56ffb4b124d0cbd8a9128e3de43cb1c22e56916900c
part-0060	716800	533f5c6ddef3efb089e231c7cc3dc32c7ed157beb9f9cc2bc6e0660882b08e8c
part-0061	716800	a18a662eb8e3f39703e81ae3923f2c13f0697f8a4b2975b5d1a077d7cd867663
part-0062	716800	bcf83e738022a83b41e00aaa2061d9c7e71ea2610c53f4f78657caf5bcaac050
part-0063	716800	ca577ebb380da65b9cc6874865dc6e8bf5092525e3692a49f7a253f02278e671
part-0064	716800	6e33ce02f5a1cb94e84e7300edf0a68f8acf0ce2c2383e2b64c15021f85b972b
part-0065	716800	e10503239f5a447ed3f36f631c0c79c79bb41cf046e6d8c6c232d7f32f54413e
part-0066	716800	084da07d5e9ee7ffdee092ee81fd3bbe3cbe78748b7eaed08001cd629b4819ac
part-0067	716800	292455368b20a7b30608898d4b2112431d2e626b0bc68ba70196dad7e85265ab
part-0068	716800	a3d2e0a7250a8fe7bd2a7d202264742f4ac2e5205085981254231857d024fa41
part-0069	716800	aa251736b8ef5045ed95706f68624b392a805fa3a478408d70956e106e667af6
part-0070	716800	fd273e3a21fd064a4e92a039384964e5e5dc9201e5fdfb906089a8a3b1fb62e0
part-0071	716800	9659669d95556d83dd771b2727519ed3bd008b2ba0218a50e7b8c7d511784a0a
part-0072	716800	8d3f25bd66547521e310c73539b15d8449e0d1af98f32eaf8c27511890b531ad
part-0073	716800	ab7c7b9023aaed60d3889e41d21d594cf0c4bdbe6342376862e05130e150f0ae
part-0074	716800	eebd4ca3079853ab8136e579594d5e3c859085e31dfdb3e71550ff307af487ba
part-0075	716800	53950a04a4d35b108621d3402113b6023dd0bb8c97d3bdccc5a194e86c0b8266
part-0076	716800	37c2a55e7ad3c99ea8ab7257f27cc5549fc2ce5e1207a4087e63f874754f8715
part-0077	716800	9365d57387ffe2b89725bca11eb2b2e9609c0107791edee9fd409c592144be31
part-0078	716800	4d118d735111b224afc30738d7c229677841ecb9c3a8506905af122f7a08e918
part-0079	716800	fcb2180ec6679e3fd3beb5da2873dd1477d6ea2534a39c4170c12a1c1cc1d33d
part-0080	716800	229d569d4a8387ebe1d0c2eb3dc70d308320ce1e2f47b977cce614d558d5ea59
part-0081	716800	5f5ccd3c0533e8e8247ec72d8b877f39aa4f9c8484a836e3e6c80ba15f5bedb4
part-0082	716800	0601ab4956556b914ce3150bfb15471312ce8c922a38902b78578bacd7f6890d
part-0083	716800	8cc7e5776087e7ca3dfecf9d7889d8e1b69cda9e5ea6182b8a32b46e5d237dcd
part-0084	716800	edd14985011a45a466a8cb0a27a13f98cb305cfb560b079fc8b60075431b62ec
part-0085	716800	e91e337410c4de1c8c583a70ff0ab2c2d6b12e58ed7d8ec1c41c03de36039c5b
part-0086	716800	9d8a1bfb473f8a0234c2254aba6a435b33aaea03491b4ba19fb31863825eda8a
part-0087	716800	c47266cf462d7d48619384beaa8fcdd804c46245a10358373f3eaf517372582a
part-0088	716800	aee9a7f3a38a49940ebbad2179135ca22ce57f3736106c1fe3f56c060b8f96ea
part-0089	716800	9306a8c937a1e20e0d6ceccab0fc9fea46aa8517440936bee7da5c71ae687e21
part-0090	716800	78559099534e84712f29a0bef5da9feb343b17d0b93a901380168a71b9dba2ff
part-0091	716800	eebdc4f5bf548007209bade608135da681a254a35d0aa85ff52e7f770824c2a3
part-0092	716800	c89820a892253a317943b10ef2fb2fd98b378c82b273297a8ebe8fab665c1573
part-0093	716800	9abe8dccaa579f77c088cf3066cc6e95c03fe90e142eda9d4de049e7e2e3a780
part-0094	716800	8cd402aa8d010098f843bf82c5552169fed989aabc20ad9d53304de4a45106e1
part-0095	716800	ee8eb598dc4d8ba08415d0ba9d5fccb348f865e29bdf041c077afe81481d8046
part-0096	716800	8c3bf099d39e30a0fac5d9df425e61d3bda04317874f00983724d7b07cf4739f
part-0097	716800	9915895a63fc400eef6deca96c5a2a669d412aba9b505f149e77850fefa62a11
part-0098	716800	1600875ea258e6ae58163157970b109744e5144985fea1a9ea8abce40ccea2d5
part-0099	716800	e4e6b403c47b4aeb7275888df94c7b8bf922eac4e12b1ed6b25a8e17be0da8e7
part-0100	716800	9e94f391ca61dc0a343d75015f35d1e6ff621afe4ef0ca0bf08eb202f342a54a
part-0101	716800	1695bbd3031d3fff9841d91c99562bd707ad9dec2fb1c336b9cebb67a88c9948
part-0102	716800	5285eb9a70be8664f569cf166fbec820ef24b6959ce5e094b327b6d85e4e060c
part-0103	716800	e1b943859c0e64d266b82b00e6b7686da869be3e602fc334246f5481a4d7a574
part-0104	716800	f985355a6eec7c4a4cc9462b4bb4e46702d48ff3fe1cca3c3fbf89ee4e9c9736
part-0105	716800	01fa7c418a1b7efc39852aace7c74969b35b137ffba8509518081c33d32986a7
part-0106	716800	9891603ee6f4eca5ef9f9f9f8b315ce40ef9822138e39cd096ebadc1d7ec5c22
part-0107	716800	f3130b3d0a1d71e75c69a1c0cf37896b2992052bda280094a68d722015bd6709
part-0108	716800	da0b6933d68a968af28109e2cd66e3dc4d6fd021eb297c8b4721643a505e81b5
part-0109	716800	0424d66f612ebd7f3001a786d52276e22789e778b9af12ee0baaada4c20812fd
part-0110	716800	f6b65e21cb62dba795c4ad3e764f55743e1c128fef4d2a42f0b421e2b9057d4f
part-0111	716800	d5aef2fdf6e139d3e504161d34dad62f009ad8f522ef1ec1da02934e23c9f88a
part-0112	716800	7f8f3ce01bce273af5e7e8c61b008375f71a069632979983ec1e5c726aac3f07
part-0113	716800	7fa7f819c80c5c71dcf33dfacad04101674204aa69023a6a51ed43c8469e0f1a
part-0114	716800	af210223ee42da83a83bb84084eda24b53410158ff05b15762da507d6b041dbb
part-0115	716800	9c9db1131a81c98dfcb5c2265de346ed5a803f08f586dc4456b702129cf72fe0
part-0116	716800	0b1a2a9db5339f129eda8606ba4865a0a9a044bfa680c885766f73a84ff3fbe7
part-0117	716800	85f6270344075219e3e736d31c7f59f7ce6e8e355c8baeffce87e737f9da98c9
part-0118	716800	a93c715912c746ef5f0ed08150dcb2c40fcd3ad63bc831c2b8a88f8658f86fbf
part-0119	716800	670e7edd2d7cd4a99a15756e5248fd043ab725cd5977a79c338bd0e4b1e1d995
part-0120	716800	44ded142c1bc711cad07f0156f8bfce0ee18243e9e5c2843dbaf68a989018b4e
part-0121	716800	35a5ff48c4e8bb329df7569cc1882dc7f6c8d61077bcaf01e460ba8414d66b65
part-0122	716800	ced20bdd40844af2c63d7111d9e1dfdc40de76e6d206aaab6defbf7b543c0bfe
part-0123	716800	511be14e9f7d07bc9c849a4293867b0e7ad03a45f0b2eaa3baee3dae1ae0bc80
part-0124	716800	da5b47028bdd4376012167775cdab5622d372bef6310f6d71a763f8f68889dbb
part-0125	716800	2f66f77a8e350d30e995ba4364ded361b88f45fe947149b7658ce26d39c09527
part-0126	716800	53c5b3236378b5bd0a3ace77004f236638febd41a5a79904242fd442c25d151d
part-0127	716800	09f4a4851fbe678778aaa7869e53ec76788d75b2680e58c0a66bc53763c0a55c
part-0128	716800	11cda45f31e208658e779a9bdafabd5a4bda8866ea81744797dab0612e91acc7
part-0129	716800	f03e408b8d4e90bf645a562a228314d6a7e0ef74f25dd897b7ee3e80e6800ee2
part-0130	716800	981a9adc18329110677ae0b7dfcee51f1881cf16e5f2acc87ceb200976f95790
part-0131	716800	99d2bb3020cc0a3ab44e1fd6f926c1a000e552cfb52554bf2d43263c0793edfe
part-0132	716800	3e455e4291009fa78ca7da1f1d51f17c484afc4dbbaea29aba6bf88ee1512469
part-0133	716800	1abf4e50e2fd23abb4bb0f4b2c5df67e9e9163f8010b819546ecd1c314353e87
part-0134	716800	a552fb8b4d03d3dae9cf87b50b12823d606f661f67e04ec59282d77ce331390d
part-0135	716800	ad21836a9c2bf4d159eaaa0c919485750580bfe332954a00bb839d2e7990d051
part-0136	716800	41baa621c753aa11e20357c9c2c5ef2ee2b829489b33713cd0de9290df66729c
part-0137	716800	42aef68709809b3f0ff995487f0b9d647c4fc92fc19c15e3ff51c7aaedaf6137
part-0138	716800	7c66cfb8f1dd689c167a209ab8be7a3adc7989e2d4b6f332b9f1e920b57cf8af
part-0139	716800	5b2a8528256de6c69bdf3f4d83dc3e09fb3be24e8f325f18a21c90b5e474a74e
part-0140	716800	8566d9b28fafda78c8ae20d66ff224c1e0cfc03e6d29be3f83f00b457a697c01
part-0141	716800	4dad43d37165f2d762d706f210ed65ff52f71245b9c2060a94e74eb84a7d4c09
part-0142	716800	45f0314aee101501b77533d93f134b3767ee9aad551ca0595ec99ba8d8f9901d
part-0143	716800	8c6849077f929950f307351923c988bb32a602c5db3773133c307eef2dc05a12
part-0144	716800	1c2ba2d9e7d77b2451e964b8951cbe9cf9b9c798cfc658a4204d6cf625b49fe3
part-0145	716800	23ca7d3ffcfa0032113cd20f32d5c7e95d1eb1a8903549a05b8d5e13a79351d3
part-0146	716800	0d839f8fab08798c87934ec4d3837ebe65c75548b42d05cf0a52c6b55241e4b8
part-0147	716800	16ff984a3ee9e05d52dc8602d18bfba87fa284c1fa943310a23d48471d055dc4
part-0148	716800	02d803a737086b591dfc36f856cf9a8a2cdb99bfe69bc38aee16db19c540f15d
part-0149	716800	d0ff7e4d41911f4988d59dc9b1307a68e8640e0ace48ba303ae23fecf118e989
part-0150	716800	6c3a5929bbb74d0dd7f6b4d7ddc0e315795b5d5138c10a70252bc58b3b4651cd
part-0151	716800	df8dbbf5b1c255ca0a9debac5975cd72e72cb1639bdcc91771990adb869a523c
part-0152	716800	88a9cdf058dfaacd7eb6110171439ffb59d8f582b3300ecdfc68409e2bce01e4
part-0153	716800	e7d4650f532bc5e664df3a0aee983e5d60d62bb84e2c7434f4b83de61f009771
part-0154	716800	5b36c98bc69d47845ddf18d127b0072236d66173a995607d5a05f0268a9e2863
part-0155	716800	c87acb60dd6dbd9af27f9e9c6ecbf2ad10c8d03ef7f7b63357f1651711c1de16
part-0156	716800	2b7983a4aa13427b6f4a68681000dbc7816af3a1f6dc0b094dd3940c5ad7021c
part-0157	716800	2e3e9105617f7c17d7c06803ba7b95a7603e6eaceb1d582764ba84e6b503523d
part-0158	716800	a0c6db14335765c861fa6ac82423f96c35b0fac0abcb4b2021cfd21a4a64fd95
part-0159	716800	908db114bdb366764fece317c324401debcf0620aa070cf337fd3ffcddbc7b52
part-0160	716800	c15b7ee5b083bba4fa02039ebfda45c24352a4376e42fefe32241b6e18be907f
part-0161	716800	d1d470f3a5715fc50455fad3d7f68af424192ad97fe19093b56b7b7140956517
part-0162	716800	42f051e4fd130c9f6381a2b8ce289dfa62e52d9fffee45e73b722f05dca23f19
part-0163	716800	a3d76abcf94289bb51015b99a3cd1a4726c03aace7c78a7454be5d33a5606f58
part-0164	716800	c0edd4e8695acd7b856c29937a2668725e88a10971e498a6413da35a9ac14fe0
part-0165	716800	6cf77cef0c9883e71d1cd8bb7c463da1cb69235e419c8fbb03ade99083eacd13
part-0166	716800	28d778ec107181a9c579d3b9d3a7aa182ffc140551a0568036e66bb6a4cd3457
part-0167	716800	bd25770a04fa0f96e373b55779dcf2607e7f7c7b2376a21a57819a3201772c93
part-0168	716800	38418fb26884c592837bcdebab7877e8c6f61cb9d3fe93187718743b27662845
part-0169	716800	f512e48c6bc1f5ace450f614544cc42ed906170c7029c6abdeb63ec3676efe06
part-0170	716800	d4856c661e87e0afed7a73b1600a0751520badc02e084fb779ad68455c37fb0d
part-0171	716800	55257f442d6cbe18f1d627848a2a7f62af95bac78014a4477064dff7a9d23600
part-0172	716800	2f6b375c573f2d522f62b4f277aea2e076f4e6ffa0fbfc2246085aef7683a2d4
part-0173	716800	ab7de1ddd27c17e8871f3ebdedb6f11e2739ee6ff6b6564980eca55efec59f2e
part-0174	716800	8aad446a1dc516aed50bf01306dd28b341bb4e205ba9c123a98ef941e7014446
part-0175	716800	1375230741691f7bd96814fd34311c6e94c2daf0a3c6cae6ab7eb1de1ffa4e54
part-0176	716800	ca36e29389abada72aa4cfc0928c45afd3d85bd4fc0b4ba0fa8f7a90cd9adce4
part-0177	716800	d79726a1eeeb2630d518f6183482d44a65f32b2f2952c094877f05ad1083a064
part-0178	716800	ab42fff1c64fc0da23e23555e51a1c03191636520f891d550b128a800c41ecf3
part-0179	716800	40eae770726b203a46e63ce7e5e064fae298688a3e44266672bd273f083b4dbf
part-0180	716800	6666489dbd21875eb321ca0104a8d1a48431cf04a909703e1abb988eb0b31e09
part-0181	716800	f8fea6781ab1997ceae2d425417a953ae82ae3b10bdb82d474d31c54aca461cc
part-0182	716800	9345ec768e02e96a8bf0ba4d0e13af28917ac40f713e9f8eb80caf4326aa4b19
part-0183	716800	0dee5ece2ddfef9b58c3baf8d929d49f2c09ca2aae9151c1d2ff6778c761a42e
part-0184	716800	27d9cce033128ce29bc2dc07ad2c0c8062a1fad39621c489599829b32d0f8712
part-0185	716800	de554e31dd8fec61db0b2a4c7d2a01c5e1e9332d08e70b05991002a077314275
part-0186	716800	c0a47e9cb962158f80c3ff0ced1bedb54f36fc6dde5ef6278c2da937f1d5454b
part-0187	716800	d822d5c0bd37ba448a4d44fcc4a65000c62b7fbb7449678b3aa39c6eeb772d16
part-0188	716800	5895e3dada2a3bdc4fd8f6aa5cf54b0e05f5bb2fbc7fa3392493cf47a4e24740
part-0189	716800	e1b700eda99fc8e103a9aebb816fc0fe13cd7c2ce6743a8c07fcaa7adeb5d379
part-0190	716800	14d39822c4f0adce3c21a73eb30c491997e56cec347477593169f3d39a184e24
part-0191	716800	65520cfc3ff705c36567531ab812abb95275ea918184ff39f0acc7c36cd1b084
part-0192	716800	1d7fa8bf6bd6d163e89fa69bc1618600ed9be0cb6a60a001ada3a3812449ce7a
part-0193	716800	fc6e211456f3f4217e954f6982f974b704c99c3d759640660c1495e059a6846a
part-0194	716800	8b4e0a74437ecea33226c11f9455e7e34c6afa72f2a8ef1b03073282459c8831
part-0195	716800	26060695ea47e08592d1c7fd10004c269675b3441db05cc871fabb3b4d40fda9
part-0196	716800	d99b9e2070608dcc9647f9ee08d6b5af40d359dbada0c4db25e23da24e8455eb
part-0197	716800	e2b0383ff78e3fc4a320e073f0dc35499897d1da7b683794c6dade59d36c5d33
part-0198	716800	8a20754af4325bc827fe0e16e139e785b8c72872f7365fbc8df38ff172cf3b14
part-0199	716800	9f2fb78dbb7c9b2180a8e83758736191058827a50bc8e42443c39700b692cdfe
part-0200	716800	1c42d184d1c965bcbb5203c7b2cb2be5dc3e83789289b64e3e9eaf9d4b3bd9de
part-0201	716800	9da52816018b58c7f96c6c0a13dc7e02aca05642c96c1e0404eb37dc4793b302
part-0202	716800	2d9c605d180ea69d41d54702a06139bca8bba18d3074294ccc11fe0a432aad1e
part-0203	716800	ea60bc7796e92d211c61166d545d5bd3e07baef05df5e4f4f21f5d98082b5ed1
part-0204	716800	d831bb440e5934edf4737b3b7570640713410484676843a5e8d49c339d23b306
part-0205	716800	9d94534880ac78cfb78741a4defbee4f5ee4babddd012b95eb167890aa62f290
part-0206	716800	5255328a7ce80d6b3189afd48befda331f3835081428ac7e17c5aa359d432d18
part-0207	716800	44bcd2139e0acf8184437b4491d429811f49d8ce29c2478e6686d4a37499cccb
part-0208	716800	1cf15455c9361a74d5353e9e5efce794f89046b9d1c3450488629fd26a4c02cd
part-0209	716800	c993e181e3d3371f1cfe5b371c716dda10542471b92dafba4410c56b6376a1d9
part-0210	716800	bf10aeee15739384b73962014cd0627aca591225254ab3448159289cf390e5ec
part-0211	716800	f005fcbc97d06f690f2e90ece30994d8fae43ce643ad137988389009b9374f62
part-0212	716800	9d7a43d2a3522752690b65b356835f0995e80b70e81141247250f24ae2972247
part-0213	716800	903e3d7149824ada1f1e57c9e661ed6e9d128f7aa2ffb1103093db1617a98765
part-0214	716800	013d3799ce05624faba59cc8fc4e6d798a63079ce9e424048df111828f2d3028
part-0215	716800	97f77d8092b65b1219ee2d48cfb34f10c0b3a00912cf7aa4e8897f52eb3f3ca6
part-0216	716800	13c9a5010547406ed53a2203993cda11a1df75248726a96a91d71679ddd61dfd
part-0217	716800	0edf41ac3016be99cbcacebb345b1cd9ad73fb44f6e266792f04f1eac956e2f0
part-0218	716800	2245f8d549fe928096d0ad8359c980ebd6903fcd3396e0050d7f9d18a732108c
part-0219	716800	f035c718f1cb424a4e8f5e435cc33b1826f4c36422485ff852ce3e6346db8dad
part-0220	716800	73a96824a14722b0a688df3ec16f3acc3004edffcfc8ddd8bdc5dceb66cb30e2
part-0221	716800	91962b57fa2cc1e217bfb712b996cee1dfd7e8b6e942c1f4f67aec9754a3aad6
part-0222	716800	5021b967ac3c79c17d8f58274f4fdac3d8d5aa8539b06a9676ab4b8a20084de8
part-0223	716800	61dce60ec7e338e407c6dbe248ef4cc7ee4d2c4a343238e3ad671be50edbbe3b
part-0224	716800	3f038dd2b22175a7d216819a1dcc191c1819db1010c6efb2bc94850025eaf267
part-0225	716800	bf6d35417038d47a9a519a674169ac17987e87d42ec1d01b80a8110f925692da
part-0226	716800	413eab7b7f797abb5e09f07cd26d0dd7d57b718ef416ed1085f38f9d31deecfb
part-0227	716800	7eb8031b9425332583eccbc770561b06d73e068a9673affc4da9902feab026f5
part-0228	716800	e838bce69653a2428d317a7956a7d0eca7aa2fcf4daaaada2aa59c78f4aa1ea7
part-0229	716800	bb0497fcdf2ba3bfcc89215579b49d278359cd7d2141c2365a9348ff752d63e0
part-0230	716800	1195310efff1edffdc55ea23e486502616c4e0bd0b0985312d2e4f80aadbdaed
part-0231	716800	ac8df4da306167736861726782082f08b9a0f163caf69533d3679d4101a4c1a2
part-0232	716800	14ad9d435b633660f283bc3b904bed285377abee20f4233a597ee4d767b6c97b
part-0233	716800	c201719743f7508dc154138173abb5235277af464636cf70f320a72a887d5990
part-0234	716800	e01b83e0ec3c35af258f1d8c3c90fbae13c23a3fc77158fabc46e0f694fbab70
part-0235	716800	5837078d79d528892ea484ec1eb0b03f62ad70b06174d81c506776dc387a249d
part-0236	716800	2f155efeba9e7b97115d873bd0a2e857a7ead0a04884f87bd1f51cfba6c4f4c9
part-0237	716800	8da45a5532b1ae89750ef87b81ddeab96f420c0e6c27c4486f85388913a7e005
part-0238	716800	9597a62800cccc46ff834d62837e98619a69042d4fb75367e07d40ec9626d103
part-0239	716800	19ddd1ee3177dbf8575cc51eca14b7f615f8e502328985dda51be27f640f3288
part-0240	716800	4345a74d8a880202926839e4047a00d3305652872473171598223f5ac96b3574
part-0241	543564	aabca55ac7d3c8f64c0094afa4bb5dc473824dc819e19d1414d4779417d1d6d8
